2090545563	[{"height": 333, "width": 500}]
3393035454	[{"height": 500, "width": 355}]
3695064885	[{"height": 402, "width": 500}]
1679557684	[{"height": 375, "width": 500}]
3582685410	[{"height": 500, "width": 400}]
1579798212	[{"height": 375, "width": 500}]
269650644	[{"height": 332, "width": 500}]
2596619849	[{"height": 500, "width": 375}]
2635164923	[{"height": 333, "width": 500}]
3583321426	[{"height": 375, "width": 500}]
2735792721	[{"height": 500, "width": 333}]
3484841598	[{"height": 333, "width": 500}]
2490687446	[{"height": 399, "width": 500}]
2987328689	[{"height": 500, "width": 334}]
2992614450	[{"height": 500, "width": 333}]
2391812384	[{"height": 474, "width": 500}]
3665179773	[{"height": 332, "width": 500}]
3515904775	[{"height": 333, "width": 500}]
3616808182	[{"height": 333, "width": 500}]
3652150541	[{"height": 333, "width": 500}]
